[
{"field_30":2005,"field_31":2006,"field_19":1994,"field_29":2004,"field_34":2009,"field_10":1985,"field_18":1993,"field_1":"country","field_20":1995,"field_12":1987,"field_15":1990,"field_33":2008,"field_36":2011,"field_5":1980,"field_6":1981,"field_25":2000,"field_13":1988,"field_9":1984,"field_4":"indicator","field_41":2016,"field_22":1997,"field_23":1998,"field_27":2002,"field_24":1999,"field_3":"geo","field_39":2014,"field_28":2003,"field_8":1983,"field_37":2012,"field_0":"","field_2":"indicator_name","field_40":2015,"field_14":1989,"field_7":1982,"field_11":1986,"field_35":2010,"field_16":1991,"field_26":2001,"field_32":2007,"field_38":2013,"field_17":1992,"field_21":1996},
{"field_30":38855,"field_31":39426,"field_19":29597,"field_29":38149,"field_34":41207,"field_10":25856,"field_18":28747,"field_1":"Australia","field_20":30379,"field_12":26949,"field_15":28583,"field_33":41317,"field_36":41782,"field_5":23857,"field_6":24291,"field_25":35281,"field_13":27737,"field_9":24917,"field_4":"gdppc_cppp","field_41":44414,"field_22":32037,"field_23":33112,"field_27":36401,"field_24":34375,"field_3":"aus","field_39":43396,"field_28":37057,"field_8":23568,"field_37":42561,"field_0":"13","field_2":"GDP per capita","field_40":43832,"field_14":28535,"field_7":23868,"field_11":26038,"field_35":41385,"field_16":28115,"field_26":35481,"field_32":40650,"field_38":42920,"field_17":27897,"field_21":31167},
{"field_30":1930,"field_31":2031,"field_19":1397,"field_29":1839,"field_34":2340,"field_10":1154,"field_18":1374,"field_1":"Bangladesh","field_20":1438,"field_12":1208,"field_15":1288,"field_33":2252,"field_36":2571,"field_5":1089,"field_6":1095,"field_25":1642,"field_13":1221,"field_9":1143,"field_4":"gdppc_cppp","field_41":3319,"field_22":1505,"field_23":1550,"field_27":1726,"field_24":1590,"field_3":"ban","field_39":2973,"field_28":1776,"field_8":1108,"field_37":2707,"field_0":"18","field_2":"GDP per capita","field_40":3133,"field_14":1230,"field_7":1081,"field_11":1181,"field_35":2443,"field_16":1302,"field_26":1693,"field_32":2148,"field_38":2836,"field_17":1342,"field_21":1471},
{"field_30":40471,"field_31":41203,"field_19":31647,"field_29":39604,"field_34":39924,"field_10":29134,"field_18":30578,"field_1":"Canada","field_20":32226,"field_12":30415,"field_15":31300,"field_33":41611,"field_36":41565,"field_5":26778,"field_6":27275,"field_25":37432,"field_13":31489,"field_9":27893,"field_4":"gdppc_cppp","field_41":43088,"field_22":33426,"field_23":34424,"field_27":38500,"field_24":35903,"field_3":"can","field_39":42946,"field_28":38806,"field_8":26630,"field_37":41795,"field_0":"37","field_2":"GDP per capita","field_40":42983,"field_14":31686,"field_7":26132,"field_11":29604,"field_35":40699,"field_16":30220,"field_26":37712,"field_32":41647,"field_38":42336,"field_17":30115,"field_21":32395},
{"field_30":5719,"field_31":6411,"field_19":2336,"field_29":5165,"field_34":8652,"field_10":1566,"field_18":2090,"field_1":"China","field_20":2564,"field_12":1662,"field_15":1526,"field_33":7948,"field_36":10384,"field_5":1078,"field_6":1105,"field_25":3701,"field_13":1607,"field_9":1464,"field_4":"gdppc_cppp","field_41":14401,"field_22":3016,"field_23":3221,"field_27":4315,"field_24":3438,"field_3":"chn","field_39":12759,"field_28":4718,"field_8":1236,"field_37":11146,"field_0":"44","field_2":"GDP per capita","field_40":13570,"field_14":1483,"field_7":1182,"field_11":1614,"field_35":9526,"field_16":1646,"field_26":3980,"field_32":7285,"field_38":11951,"field_17":1857,"field_21":2789},
{"field_30":36522,"field_31":37130,"field_19":30410,"field_29":36216,"field_34":36341,"field_10":25960,"field_18":29824,"field_1":"France","field_20":30932,"field_12":27009,"field_15":29528,"field_33":37635,"field_36":37457,"field_5":23998,"field_6":24223,"field_25":34896,"field_13":28149,"field_9":25538,"field_4":"gdppc_cppp","field_41":38059,"field_22":31868,"field_23":32880,"field_27":35457,"field_24":33825,"field_3":"fra","field_39":37531,"field_28":35495,"field_8":25228,"field_37":37345,"field_0":"76","field_2":"GDP per capita","field_40":37766,"field_14":28992,"field_7":24792,"field_11":26497,"field_35":36872,"field_16":29811,"field_26":35320,"field_32":37772,"field_38":37367,"field_17":30138,"field_21":31250},
{"field_30":37704,"field_31":39143,"field_19":33176,"field_29":37418,"field_34":38784,"field_10":29685,"field_18":32493,"field_1":"Germany","field_20":33653,"field_12":30808,"field_15":31287,"field_33":40989,"field_36":42693,"field_5":27622,"field_6":27700,"field_25":36765,"field_13":31719,"field_9":28975,"field_4":"gdppc_cppp","field_41":44072,"field_22":34406,"field_23":35081,"field_27":37262,"field_24":35755,"field_3":"ger","field_39":43418,"field_28":36977,"field_8":28074,"field_37":42822,"field_0":"82","field_2":"GDP per capita","field_40":43784,"field_14":32512,"field_7":27497,"field_11":30341,"field_35":40429,"field_16":32647,"field_26":37325,"field_32":40474,"field_38":42914,"field_17":33023,"field_21":33830},
{"field_30":22307,"field_31":23203,"field_19":14999,"field_29":21328,"field_34":22078,"field_10":17261,"field_18":14550,"field_1":"Hungary","field_20":15244,"field_12":17980,"field_15":17098,"field_33":23592,"field_36":22729,"field_5":16509,"field_6":16644,"field_25":17855,"field_13":18572,"field_9":17644,"field_4":"gdppc_cppp","field_41":25381,"field_22":15808,"field_23":16513,"field_27":19463,"field_24":17091,"field_3":"hun","field_39":24016,"field_28":20266,"field_8":17141,"field_37":22481,"field_0":"99","field_2":"GDP per capita","field_40":24831,"field_14":18253,"field_7":17273,"field_11":17657,"field_35":22277,"field_16":15074,"field_26":18571,"field_32":23343,"field_38":23020,"field_17":14618,"field_21":15271},
{"field_30":3179,"field_31":3420,"field_19":1930,"field_29":2955,"field_34":4050,"field_10":1445,"field_18":1845,"field_1":"India","field_20":2037,"field_12":1507,"field_15":1755,"field_33":3787,"field_36":4636,"field_5":1256,"field_6":1308,"field_25":2495,"field_13":1630,"field_9":1419,"field_4":"gdppc_cppp","field_41":6093,"field_22":2195,"field_23":2288,"field_27":2623,"field_24":2446,"field_3":"ind","field_39":5390,"field_28":2783,"field_8":1397,"field_37":4828,"field_0":"101","field_2":"GDP per capita","field_40":5754,"field_14":1703,"field_7":1320,"field_11":1476,"field_35":4405,"field_16":1738,"field_26":2570,"field_32":3699,"field_38":5074,"field_17":1797,"field_21":2149},
{"field_30":37604,"field_31":38244,"field_19":32222,"field_29":37434,"field_34":35710,"field_10":25954,"field_18":31550,"field_1":"Italy","field_20":33152,"field_12":27641,"field_15":31142,"field_33":37954,"field_36":36347,"field_5":23116,"field_6":23375,"field_25":36536,"field_13":29241,"field_9":25136,"field_4":"gdppc_cppp","field_41":34620,"field_22":34167,"field_23":34709,"field_27":37199,"field_24":35245,"field_3":"ita","field_39":33946,"field_28":37090,"field_8":23941,"field_37":35228,"field_0":"108","field_2":"GDP per capita","field_40":34245,"field_14":30535,"field_7":23654,"field_11":26562,"field_35":36201,"field_16":31599,"field_26":37162,"field_32":38612,"field_38":34220,"field_17":31841,"field_21":33569},
{"field_30":8411,"field_31":8606,"field_19":8334,"field_29":8385,"field_34":8154,"field_10":5891,"field_18":8301,"field_1":"Jamaica","field_20":8448,"field_12":6394,"field_15":7286,"field_33":8566,"field_36":8099,"field_5":6169,"field_6":6234,"field_25":7932,"field_13":6550,"field_9":6208,"field_4":"gdppc_cppp","field_41":8190,"field_22":8183,"field_23":7917,"field_27":8082,"field_24":7928,"field_3":"jam","field_39":8053,"field_28":8325,"field_8":6295,"field_37":8017,"field_0":"109","field_2":"GDP per capita","field_40":8105,"field_14":6957,"field_7":6191,"field_11":5961,"field_35":7997,"field_16":7578,"field_26":7978,"field_32":8681,"field_38":8026,"field_17":7658,"field_21":8357},
{"field_30":35658,"field_31":36142,"field_19":31681,"field_29":35078,"field_34":34318,"field_10":24220,"field_18":31516,"field_1":"Japan","field_20":32425,"field_12":25746,"field_15":30447,"field_33":36278,"field_36":35775,"field_5":20257,"field_6":20955,"field_25":33872,"field_13":27513,"field_9":22887,"field_4":"gdppc_cppp","field_41":38240,"field_22":33625,"field_23":33155,"field_27":33889,"field_24":33011,"field_3":"jpn","field_39":37323,"field_28":34333,"field_8":22034,"field_37":36368,"field_0":"110","field_2":"GDP per capita","field_40":37818,"field_14":28918,"field_7":21516,"field_11":24808,"field_35":35750,"field_16":31362,"field_26":33928,"field_32":36697,"field_38":37149,"field_17":31540,"field_21":33346},
{"field_30":1464,"field_31":1461,"field_19":1605,"field_29":1410,"field_34":1407,"field_10":2121,"field_18":1619,"field_1":"North Korea","field_20":1442,"field_12":2142,"field_15":2076,"field_33":1427,"field_36":1397,"field_5":1887,"field_6":2073,"field_25":1287,"field_13":2198,"field_9":2205,"field_4":"gdppc_cppp","field_41":1389,"field_22":1230,"field_23":1267,"field_27":1375,"field_24":1377,"field_3":"prk","field_39":1391,"field_28":1405,"field_8":2138,"field_37":1393,"field_0":"116","field_2":"GDP per capita","field_40":1390,"field_14":2257,"field_7":2180,"field_11":2106,"field_35":1393,"field_16":1973,"field_26":1368,"field_32":1392,"field_38":1392,"field_17":1745,"field_21":1393},
{"field_30":4013,"field_31":4175,"field_19":3281,"field_29":3805,"field_34":4304,"field_10":2680,"field_18":3244,"field_1":"Pakistan","field_20":3358,"field_12":2845,"field_15":3055,"field_33":4273,"field_36":4310,"field_5":2213,"field_6":2305,"field_25":3495,"field_13":2941,"field_9":2529,"field_4":"gdppc_cppp","field_41":4866,"field_22":3384,"field_23":3387,"field_27":3523,"field_24":3429,"field_3":"pak","field_39":4576,"field_28":3618,"field_8":2491,"field_37":4367,"field_0":"171","field_2":"GDP per capita","field_40":4695,"field_14":2999,"field_7":2399,"field_11":2769,"field_35":4284,"field_16":3121,"field_26":3487,"field_32":4288,"field_38":4464,"field_17":3272,"field_21":3434},
{"field_30":26593,"field_31":26958,"field_19":21026,"field_29":26440,"field_34":26743,"field_10":15451,"field_18":20881,"field_1":"Portugal","field_20":21851,"field_12":17096,"field_15":20167,"field_33":27590,"field_36":26780,"field_5":14943,"field_6":15078,"field_25":25999,"field_13":18372,"field_9":15043,"field_4":"gdppc_cppp","field_41":27007,"field_22":23422,"field_23":24421,"field_27":26376,"field_24":25227,"field_3":"por","field_39":26024,"field_28":26032,"field_8":15347,"field_37":25806,"field_0":"180","field_2":"GDP per capita","field_40":26548,"field_14":19315,"field_7":15389,"field_11":16079,"field_35":27238,"field_16":21096,"field_26":26318,"field_32":27575,"field_38":25655,"field_17":21343,"field_21":22530},
{"field_30":109802,"field_31":118585,"field_19":74261,"field_29":116418,"field_34":117065,"field_10":74414,"field_18":73774,"field_1":"Qatar","field_20":75095,"field_12":68692,"field_15":70842,"field_33":119723,"field_36":129350,"field_5":130814,"field_6":119017,"field_25":108324,"field_13":69142,"field_9":82692,"field_4":"gdppc_cppp","field_41":118215,"field_22":96620,"field_23":103535,"field_27":110654,"field_24":103984,"field_3":"qat","field_39":120860,"field_28":107616,"field_8":87219,"field_37":125302,"field_0":"182","field_2":"GDP per capita","field_40":119749,"field_14":70561,"field_7":99138,"field_11":72996,"field_35":125141,"field_16":68337,"field_26":108055,"field_32":118832,"field_38":122637,"field_17":75257,"field_21":76690},
{"field_30":19326,"field_31":20970,"field_19":13371,"field_29":18098,"field_34":22122,"field_10":19728,"field_18":15274,"field_1":"Russia","field_20":12813,"field_12":20591,"field_15":20639,"field_33":24006,"field_36":24074,"field_5":18565,"field_6":18647,"field_25":14051,"field_13":20934,"field_9":19659,"field_4":"gdppc_cppp","field_41":24026,"field_22":12564,"field_23":11918,"field_27":15604,"field_24":12720,"field_3":"rus","field_39":24880,"field_28":16819,"field_8":19525,"field_37":24879,"field_0":"185","field_2":"GDP per capita","field_40":24124,"field_14":21215,"field_7":19015,"field_11":20431,"field_35":23108,"field_16":19554,"field_26":14829,"field_32":22799,"field_38":25144,"field_17":16705,"field_21":12370},
{"field_30":36928,"field_31":37575,"field_19":27987,"field_29":36109,"field_34":35795,"field_10":22923,"field_18":27009,"field_1":"United Kingdom","field_20":28612,"field_12":24859,"field_15":26769,"field_33":37698,"field_36":36456,"field_5":20647,"field_6":20380,"field_25":32962,"field_13":26078,"field_9":22167,"field_4":"gdppc_cppp","field_41":38901,"field_22":30105,"field_23":30975,"field_27":34393,"field_24":31885,"field_3":"gbr","field_39":37983,"field_28":35419,"field_8":21609,"field_37":36679,"field_0":"239","field_2":"GDP per capita","field_40":38509,"field_14":26618,"field_7":20847,"field_11":23806,"field_35":36196,"field_16":26388,"field_26":33730,"field_32":38236,"field_38":37130,"field_17":26412,"field_21":29267},
{"field_30":49762,"field_31":50599,"field_19":38892,"field_29":48597,"field_34":48558,"field_10":33065,"field_18":37844,"field_1":"United States","field_20":39476,"field_12":34787,"field_15":37062,"field_33":50384,"field_36":49791,"field_5":29619,"field_6":30070,"field_25":45986,"field_13":35929,"field_9":32110,"field_4":"gdppc_cppp","field_41":53273,"field_22":41812,"field_23":43166,"field_27":46367,"field_24":44673,"field_3":"usa","field_39":51831,"field_28":47260,"field_8":30185,"field_37":50520,"field_0":"240","field_2":"GDP per capita","field_40":52790,"field_14":36830,"field_7":29230,"field_11":33899,"field_35":49373,"field_16":36543,"field_26":45978,"field_32":51011,"field_38":51008,"field_17":37321,"field_21":40501}
]